date,impressions,clicks,CTR,CPC,ad_spend,conversions,CPA,ROAS,revenue
2024-01-01,124728.0,10066.0,0.06705,2.3,16134.38,295.0,116.55,2.38,50301.88
2024-01-02,529701.0,16452.0,0.0352,1.2775,20193.39,933.0,21.525,8.0,148114.79
2024-01-03,439794.0,16323.0,0.0406,1.5925,26868.92,537.0,65.4525,5.88,115945.04
2024-01-04,776104.0,17423.0,0.026825,1.56875,29183.16,1116.0,25.0325,8.81125,141881.21
2024-01-05,493694.0,13953.0,0.036625,1.67375,23209.18,504.0,43.385,5.23875,90967.89
2024-01-06,288602.0,5512.0,0.025333333333333333,1.3333333333333333,6658.66,256.0,30.836666666666662,9.47,49072.75
2024-01-07,780427.0,31873.0,0.039122222222222225,1.931111111111111,53109.090000000004,1426.0,55.39777777777778,5.737777777777778,202961.07
2024-01-08,486413.0,20487.0,0.039599999999999996,1.3725,24955.420000000002,868.0,60.667500000000004,5.6325,125773.27
2024-01-09,258364.0,12296.0,0.04573333333333333,1.3666666666666665,16439.71,383.0,66.24666666666667,2.4800000000000004,36772.21
2024-01-10,664178.0,25592.0,0.034466666666666666,1.9166666666666667,54911.39,1395.0,62.089999999999996,7.533333333333332,268116.26
2024-01-11,601053.0,20307.0,0.0353,1.688,31078.3,609.0,52.088,3.168,83710.18
2024-01-12,649867.0,16342.0,0.02454,1.176,14968.79,750.0,27.082,6.558,120340.56
2024-01-13,317141.0,10449.0,0.03365,1.145,12148.52,446.0,30.2075,5.5175,86896.93
2024-01-14,256448.0,7750.0,0.0377,0.65,5566.28,243.0,24.965,8.445,47240.619999999995
2024-01-15,365441.0,14221.0,0.04146,1.78,23259.05,629.0,49.918,4.93,116059.11
2024-01-16,918580.0,29167.0,0.0365375,0.9500000000000001,26578.77,1147.0,24.66375,6.92375,145511.37
2024-01-17,1051798.0,41306.0,0.0404,1.608888888888889,59554.48,1798.0,71.01888888888888,4.67,280895.81
2024-01-18,715296.0,23489.0,0.03217142857142857,1.9657142857142857,41107.020000000004,1226.0,59.261428571428574,5.4799999999999995,258846.75999999998
2024-01-19,534159.0,22253.0,0.0392,1.698,37330.619999999995,878.0,46.944,4.204,132451.49
2024-01-20,634231.0,25278.0,0.04156,1.572,45971.119999999995,978.0,71.58,5.101999999999999,221471.59
2024-01-21,934975.0,44513.0,0.048857142857142856,1.5728571428571427,73338.59,2644.0,28.532857142857143,7.588571428571429,384711.36
2024-01-22,806882.0,31252.0,0.043637499999999996,1.67625,48550.35,1900.0,45.34375,7.088749999999999,258698.09
2024-01-23,156643.0,5372.0,0.03513333333333333,1.8099999999999998,8944.26,348.0,49.67333333333334,5.343333333333334,59717.090000000004
2024-01-24,410032.0,14726.0,0.03445,1.495,20689.77,665.0,40.08,6.51,163278.82
2024-01-25,566288.0,17505.0,0.03365714285714286,1.5485714285714285,26685.15,736.0,51.83,5.0528571428571425,131040.09000000001
2024-01-26,211711.0,3281.0,0.02665,0.8200000000000001,2680.19,183.0,16.95,7.1899999999999995,20129.59
2024-01-27,910202.0,34692.0,0.0373625,1.32625,41179.020000000004,1435.0,48.56125,6.34875,247113.71
2024-01-28,578516.0,23438.0,0.04126666666666667,1.1016666666666668,28203.17,1058.0,25.215,11.275,228890.55
2024-01-29,401695.0,12599.0,0.030959999999999998,1.224,16635.68,380.0,52.448,5.356,88244.33000000002
2024-01-30,592721.0,19130.0,0.03655,1.9649999999999999,34987.96,1037.0,37.669999999999995,8.37,145704.17
2024-01-31,520354.0,25028.0,0.0445,1.73,30614.67,1242.0,28.7825,7.3575,241135.88
2024-02-01,531733.0,32623.0,0.05318333333333333,1.1533333333333333,30773.96,1336.0,37.571666666666665,10.810000000000002,305668.26999999996
2024-02-02,568697.0,36335.0,0.05464,2.234,63063.45,1554.0,59.164,3.566,323443.17
2024-02-03,297636.0,13430.0,0.0439,1.6225,22166.61,599.0,40.8125,5.23,128283.04999999999
2024-02-04,511157.0,14747.0,0.028624999999999998,1.505,24430.85,674.0,49.0125,9.625,106688.03
2024-02-05,540000.0,23187.0,0.04004,1.028,18253.98,755.0,45.410000000000004,5.228,108342.7
2024-02-06,744561.0,23816.0,0.037066666666666664,1.7133333333333334,43450.770000000004,1243.0,38.68666666666667,6.568888888888889,219451.01
2024-02-07,642563.0,30595.0,0.04691666666666667,1.3266666666666669,41224.21,1275.0,33.82333333333333,6.071666666666666,166390.04
2024-02-08,422859.0,18644.0,0.04702,1.482,19462.27,510.0,64.986,2.678,45776.490000000005
2024-02-09,170413.0,3936.0,0.0231,0.71,2794.56,63.0,44.36,4.53,12671.79
2024-02-10,449937.0,16758.0,0.041375,1.525,26885.46,642.0,48.8575,5.26,137744.81
2024-02-11,494250.0,21180.0,0.040159999999999994,1.486,25009.45,1158.0,28.146000000000004,11.664,282162.94
2024-02-12,115782.0,5393.0,0.05385,0.64,3463.5699999999997,204.0,16.744999999999997,8.780000000000001,25795.55
2024-02-13,448206.0,19979.0,0.038425,1.6425,41202.8,762.0,56.545,3.8049999999999997,124216.92
2024-02-14,188187.0,5899.0,0.034499999999999996,1.0533333333333335,5007.450000000001,282.0,29.596666666666664,9.963333333333333,37323.39
2024-02-15,137756.0,4839.0,0.0363,1.9066666666666665,9216.32,236.0,65.57333333333334,3.7133333333333334,31384.29
2024-02-16,1276036.0,47529.0,0.03908181818181818,1.9436363636363636,93661.5,2588.0,45.25818181818182,5.0618181818181816,433070.92
2024-02-17,1152884.0,53560.0,0.04505454545454546,1.960909090909091,105259.51000000001,1728.0,75.30818181818182,2.8972727272727274,291352.98
2024-02-18,965504.0,35716.0,0.032925,1.56,46481.0,1951.0,47.79875,5.7225,295127.17
2024-02-19,391865.0,12936.0,0.0394,1.998,24409.079999999998,660.0,59.50599999999999,3.7099999999999995,87866.75
2024-02-20,728905.0,25199.0,0.034960000000000005,1.866,47169.72,887.0,59.13199999999999,2.9520000000000004,128109.58
2024-02-21,344735.0,15504.0,0.047466666666666664,2.0733333333333333,26735.73,289.0,81.76333333333334,3.4,54514.70999999999
2024-02-22,294957.0,11587.0,0.03852,1.8,23093.44,537.0,39.827999999999996,7.4079999999999995,103444.73
2024-02-23,737528.0,33807.0,0.042666666666666665,1.3216666666666665,42567.45,1980.0,31.888333333333335,9.67,247483.47
2024-02-24,330227.0,13246.0,0.0397,1.1166666666666667,12978.130000000001,1004.0,15.283333333333333,13.33,180077.18
2024-02-25,472254.0,16429.0,0.037700000000000004,2.0416666666666665,29255.56,837.0,55.464999999999996,7.546666666666667,193326.01
2024-02-26,235665.0,6969.0,0.02995,1.665,11559.220000000001,258.0,57.18,3.4000000000000004,37567.91
2024-02-27,744491.0,38374.0,0.051333333333333335,1.5544444444444445,54904.130000000005,1969.0,35.10666666666666,6.02,215843.35
2024-02-28,601081.0,21530.0,0.04097142857142857,1.6685714285714286,29518.14,1101.0,42.864285714285714,9.319999999999999,194214.1
2024-02-29,850817.0,34129.0,0.03805555555555555,2.0011111111111113,64590.04,1481.0,60.864444444444445,4.416666666666667,231862.15
2024-03-01,488033.0,18027.0,0.037540000000000004,1.124,17578.15,721.0,32.04600000000001,6.014,102828.69
2024-03-02,69839.0,1620.0,0.0232,1.26,2041.2,80.0,25.52,11.16,22785.52
2024-03-03,807552.0,25947.0,0.03155,1.2583333333333333,30377.14,939.0,36.48,4.523333333333333,177917.98
2024-03-04,393116.0,8093.0,0.023266666666666668,1.31,9479.47,356.0,56.75,7.009999999999999,70514.64
2024-03-05,480319.0,17079.0,0.030925,1.84,22857.22,843.0,35.3975,5.12,175672.34
2024-03-06,913232.0,32963.0,0.035925,1.41,46422.270000000004,1829.0,37.46625,7.8475,379489.17000000004
2024-03-07,549209.0,22208.0,0.03366,1.544,29097.920000000002,1236.0,36.553999999999995,10.608,282373.91000000003
2024-03-08,299592.0,11235.0,0.032049999999999995,2.325,34529.31,309.0,86.375,4.31,85266.25
2024-03-09,199083.0,5799.0,0.03225,1.65,8401.94,312.0,28.134999999999998,5.7325,53588.73
2024-03-10,723221.0,29956.0,0.035628571428571426,1.9614285714285715,56282.27,1656.0,75.44142857142856,5.872857142857143,398741.61
2024-03-11,889365.0,31983.0,0.03407142857142857,1.907142857142857,57932.3,1592.0,46.019999999999996,5.604285714285715,263500.66000000003
2024-03-12,669230.0,23055.0,0.03708,1.832,42097.630000000005,785.0,63.788,4.018,180823.65999999997
2024-03-13,296609.0,9524.0,0.0323,0.9750000000000001,9084.26,577.0,19.505,11.46,82302.57
2024-03-14,247891.0,11951.0,0.03955,1.4625,15163.54,361.0,59.2175,3.9050000000000002,47128.509999999995
2024-03-15,493555.0,14726.0,0.02885,1.3625,17686.87,754.0,50.915,8.1475,159459.41999999998
2024-03-16,248891.0,3243.0,0.0124,1.3,4646.61,222.0,19.965,4.81,19971.62
2024-03-17,742710.0,27833.0,0.03188888888888888,1.661111111111111,45148.689999999995,1548.0,50.059999999999995,5.817777777777778,112660.34
2024-03-18,190549.0,5299.0,0.027450000000000002,3.12,16931.67,279.0,60.47,2.105,38026.57
2024-03-19,547771.0,22082.0,0.040924999999999996,1.37,29767.46,494.0,58.977500000000006,4.625,80442.8
2024-03-20,231328.0,9114.0,0.030133333333333335,1.14,5575.12,589.0,60.26333333333334,14.556666666666667,160400.38
2024-03-21,803751.0,24112.0,0.032728571428571426,1.5914285714285714,33557.61,1171.0,39.77428571428572,8.627142857142857,195500.35
2024-03-22,448364.0,16527.0,0.04401666666666667,1.145,18493.120000000003,846.0,25.258333333333336,7.803333333333334,156505.28
2024-03-23,421998.0,15821.0,0.03276,1.8539999999999999,25623.41,670.0,75.98400000000001,2.692,78384.2
2024-03-24,402381.0,15839.0,0.041475,1.9675,29260.440000000002,475.0,92.07000000000001,1.135,29978.07
2024-03-25,547097.0,19749.0,0.03715,2.095,44347.729999999996,1197.0,32.745,10.1375,248309.03
2024-03-26,632255.0,29817.0,0.048,1.114,39122.0,943.0,49.844,5.08,150578.41999999998
2024-03-27,901059.0,24272.0,0.0283875,1.645,38820.12,1015.0,49.33625,4.77375,178395.65
2024-03-28,449481.0,7827.0,0.0233,1.0425,8099.570000000001,241.0,35.32,5.105,34106.83
2024-03-29,612433.0,24362.0,0.03762,1.9619999999999997,53632.84,1282.0,41.082,6.478,288530.66000000003
2024-03-30,520208.0,26873.0,0.049044444444444446,1.5477777777777777,42439.86,1221.0,38.614444444444445,6.266666666666667,150161.85
2024-03-31,151295.0,2163.0,0.0143,1.58,3417.54,85.0,40.21,0.93,3173.67
2024-04-01,614746.0,19309.0,0.0314875,1.1275,22794.58,753.0,40.195,8.2325,169664.71000000002
2024-04-02,172347.0,6884.0,0.03563333333333333,2.2466666666666666,20154.4,196.0,76.2,3.0100000000000002,33089.6
2024-04-03,708694.0,18689.0,0.02828333333333333,1.8,33243.91,945.0,55.36666666666667,3.5533333333333332,99579.15
2024-04-04,1120826.0,52486.0,0.042290909090909094,1.28,71619.68,2985.0,34.376363636363635,7.883636363636364,485916.39
2024-04-05,1361622.0,54104.0,0.038154545454545455,1.4563636363636363,81576.3,2123.0,50.439090909090915,7.52909090909091,438832.7
2024-04-06,469439.0,25957.0,0.05689999999999999,0.9199999999999999,23177.04,1569.0,16.554000000000002,14.535999999999998,321738.92
2024-04-07,222171.0,10957.0,0.041133333333333334,0.8633333333333334,10039.76,662.0,15.07,6.069999999999999,53149.369999999995
2024-04-08,557278.0,24773.0,0.041325,2.455,62113.5,718.0,83.0675,2.0725,120677.38
2024-04-09,513334.0,23909.0,0.045725,2.0275,58309.770000000004,957.0,48.442499999999995,5.430000000000001,179732.51
2024-04-10,213206.0,12577.0,0.04133333333333333,1.0899999999999999,10245.710000000001,954.0,22.45,9.423333333333334,153834.36000000002
2024-04-11,594295.0,26979.0,0.03987142857142857,1.4142857142857141,37070.55,1087.0,33.50285714285714,5.83,225027.69
2024-04-12,518057.0,24612.0,0.04204,1.5139999999999998,25118.73,1353.0,57.60799999999999,8.176,164827.99999999997
2024-04-13,846813.0,43777.0,0.04905,1.6983333333333333,79139.95,1889.0,69.00666666666667,8.06,440955.68
2024-04-14,726250.0,36937.0,0.0481375,1.685,55683.92,1453.0,43.65625,7.745,258616.77
2024-04-15,352420.0,11817.0,0.03542857142857143,1.4857142857142858,15704.67,453.0,38.66857142857143,6.138571428571429,79282.06999999999
2024-04-16,885556.0,31984.0,0.03622857142857143,1.8357142857142859,55299.58,1577.0,43.14857142857142,5.657142857142857,319846.04000000004
2024-04-17,832322.0,41549.0,0.0453875,1.29375,53402.22,2157.0,30.488750000000003,12.06875,443464.85000000003
2024-04-18,474207.0,19025.0,0.03122857142857143,1.4257142857142857,23105.01,1116.0,46.25,7.1257142857142854,177770.79
2024-04-19,112373.0,5082.0,0.06105,1.365,7121.16,239.0,28.625,7.115,52213.42
2024-04-20,527329.0,20150.0,0.0343,1.5639999999999998,30633.74,749.0,44.79,3.9480000000000004,113173.78
2024-04-21,264403.0,10576.0,0.0405,0.9933333333333333,10313.96,581.0,25.113333333333333,9.123333333333333,108685.59
2024-04-22,790306.0,29917.0,0.03995714285714286,1.58,51206.86,957.0,50.771428571428565,5.0600000000000005,149874.4
2024-04-23,790306.0,29917.0,0.03995714285714286,1.58,51206.86,957.0,50.771428571428565,5.0600000000000005,149874.4
2024-04-24,412287.0,13335.0,0.032775,2.35,31186.379999999997,680.0,49.947500000000005,2.5124999999999997,69395.25
2024-04-25,183867.0,4029.0,0.0297,1.5333333333333332,6375.95,286.0,27.263333333333332,9.443333333333333,58764.23
2024-04-26,461442.0,18274.0,0.04048,1.764,32649.84,547.0,81.53999999999999,1.98,56837.26
2024-04-27,604180.0,16347.0,0.026480000000000004,1.228,22946.96,648.0,35.196,9.652,114958.09
2024-04-28,552846.0,19672.0,0.0348,1.4366666666666665,28945.68,517.0,68.565,3.3333333333333335,69271.09999999999
2024-04-29,461390.0,14697.0,0.028999999999999998,1.4375,25407.29,492.0,49.582499999999996,8.1,112119.54000000001
2024-04-30,342519.0,16116.0,0.04816666666666666,2.8966666666666665,48308.799999999996,847.0,91.70333333333333,1.4566666666666668,72163.93
2024-05-01,345926.0,17055.0,0.041675,1.62,20875.64,994.0,37.965,2.6775,50824.61
2024-05-02,467171.0,12823.0,0.027225,2.455,30809.41,695.0,85.0425,3.335,53335.509999999995
2024-05-03,468897.0,17503.0,0.037399999999999996,1.2266666666666668,20488.93,638.0,43.75,6.406666666666666,85275.37
2024-05-04,226487.0,13416.0,0.0596,2.37,32094.46,469.0,77.115,2.045,65683.91
2024-05-05,890631.0,36831.0,0.04095714285714286,1.6828571428571428,62242.54000000001,1450.0,55.43714285714286,4.92,225239.63
2024-05-06,472943.0,12242.0,0.03458,1.816,21836.23,524.0,47.35,5.008,74643.3
2024-05-07,277632.0,7270.0,0.022125,0.95,4921.43,452.0,19.512500000000003,16.884999999999998,96968.75
2024-05-08,127660.0,5777.0,0.0446,2.21,13516.51,255.0,52.019999999999996,4.115,57253.79
2024-05-09,644765.0,26291.0,0.04538,1.748,44379.509999999995,1133.0,67.604,5.418,193034.77
2024-05-10,291170.0,12857.0,0.04395,1.195,14335.949999999999,842.0,24.4625,9.2,154789.79
2024-05-11,755320.0,25850.0,0.03463333333333333,2.0216666666666665,53575.380000000005,950.0,67.90333333333334,2.3333333333333335,98473.97
2024-05-12,319414.0,13770.0,0.0525,1.5766666666666669,22136.32,883.0,24.096666666666668,10.01,213104.76
2024-05-13,550472.0,17215.0,0.033966666666666666,1.93,32498.59,778.0,79.04,7.511666666666667,135271.81
2024-05-14,236925.0,12899.0,0.05295,3.3049999999999997,42397.83,607.0,68.39,2.145,85472.98999999999
2024-05-15,575557.0,17093.0,0.031025,1.5075,27863.550000000003,762.0,32.36,4.915,134583.38
2024-05-16,427374.0,14571.0,0.0344,1.5299999999999998,17266.23,715.0,36.116,11.809999999999999,150758.06
2024-05-17,973742.0,39949.0,0.04051111111111111,1.9266666666666667,82779.86,1862.0,47.29222222222222,3.601111111111111,284287.49
2024-05-18,110574.0,2031.0,0.022525,1.1,2151.26,118.0,51.207499999999996,5.797499999999999,14730.37
2024-05-19,350589.0,22950.0,0.054925,1.4300000000000002,18923.64,1179.0,27.540000000000003,10.965,268535.46
2024-05-20,515541.0,14579.0,0.026119999999999997,1.1400000000000001,17342.4,634.0,41.022,7.0280000000000005,71985.75
2024-05-21,564876.0,15026.0,0.0283625,1.56625,18470.09,781.0,35.08375,6.305,150259.66
2024-05-22,467054.0,13846.0,0.03055,1.3575,21788.309999999998,558.0,55.6825,3.91,68936.14
2024-05-23,723975.0,25379.0,0.040042857142857144,1.3014285714285714,39051.66,1035.0,53.12714285714286,9.717142857142857,187167.57
2024-05-24,855950.0,25191.0,0.02894285714285714,1.2785714285714285,36404.84,1413.0,24.024285714285718,8.865714285714287,237394.87
2024-05-25,561280.0,23246.0,0.03858,2.276,54175.72,1053.0,84.768,2.8259999999999996,75454.0
2024-05-26,702330.0,27391.0,0.036442857142857145,1.83,41596.68,1138.0,50.605714285714285,7.7614285714285725,189277.34
2024-05-27,243866.0,9120.0,0.03596666666666667,1.883333333333333,22977.999999999996,489.0,68.8,3.0866666666666664,73072.42
2024-05-28,409667.0,17226.0,0.03684,1.514,27642.88,726.0,77.09,3.684,72608.97
2024-05-29,114183.0,4260.0,0.0387,1.2000000000000002,5241.36,150.0,37.495000000000005,4.4350000000000005,21870.760000000002
2024-05-30,109733.0,6616.0,0.0603,0.91,6020.56,516.0,11.67,8.96,53965.61
2024-05-31,793530.0,26982.0,0.03614285714285714,2.032857142857143,48758.49,1238.0,53.17,3.575714285714286,124652.54999999999
2024-06-01,274264.0,15788.0,0.055575,1.73,36533.56,616.0,60.5925,5.255,97110.70999999999
2024-06-02,296219.0,12680.0,0.041859999999999994,1.26,16389.79,698.0,33.382,6.319999999999999,106270.68000000001
2024-06-03,797911.0,23054.0,0.033614285714285715,1.0542857142857143,24967.7,911.0,35.887142857142855,5.001428571428571,120006.42
2024-06-04,220415.0,7717.0,0.02895,1.69,11175.59,238.0,56.57,3.48,23122.07
2024-06-05,957393.0,37432.0,0.03532222222222223,1.4166666666666667,47827.0,2294.0,35.739999999999995,5.63,289201.2
2024-06-06,441286.0,16010.0,0.035825,1.9075,33190.85,777.0,49.6225,3.01,123791.84000000001
2024-06-07,573966.0,21870.0,0.03325,1.7675,37865.66,1039.0,59.832499999999996,5.2,240213.62
2024-06-08,695127.0,17986.0,0.0245,1.8539999999999999,29885.15,701.0,45.25,2.068,69986.75
2024-06-09,564435.0,16590.0,0.031933333333333334,1.3933333333333333,27247.88,775.0,31.701666666666664,10.568333333333333,128268.56
2024-06-10,273662.0,14839.0,0.0623,0.6466666666666666,10106.66,587.0,19.11666666666667,15.733333333333334,87219.47
2024-06-11,118573.0,2680.0,0.02685,0.755,1789.6599999999999,63.0,34.43,5.88,14587.140000000001
2024-06-12,70618.0,3601.0,0.051,2.23,8030.23,145.0,55.38,0.99,7976.29
2024-06-13,596987.0,22602.0,0.0393,1.9783333333333335,43210.51,838.0,54.903333333333336,3.4150000000000005,124405.59
2024-06-14,341257.0,13528.0,0.03673333333333333,1.2166666666666666,18162.16,359.0,43.919999999999995,5.46,45387.159999999996
2024-06-15,753620.0,39596.0,0.05348333333333333,0.9133333333333332,37362.46,1538.0,41.945,7.176666666666667,179594.37
2024-06-16,136637.0,4399.0,0.0322,1.31,5762.69,254.0,22.69,3.8,21909.38
2024-06-17,429931.0,16615.0,0.03834,1.388,27789.489999999998,1023.0,30.721999999999998,4.196,118139.09
2024-06-18,472535.0,22302.0,0.045625,1.58,31918.050000000003,1022.0,65.965,3.6525,74245.23999999999
2024-06-19,1068724.0,35661.0,0.0326375,1.83875,63538.490000000005,1290.0,63.112500000000004,3.4025,240495.7
2024-06-20,257697.0,5656.0,0.021400000000000002,1.6300000000000001,9172.74,337.0,28.583333333333332,8.54,88046.16
2024-06-21,558338.0,24035.0,0.044879999999999996,1.35,33726.18,792.0,55.379999999999995,6.1659999999999995,169132.28
2024-06-22,550144.0,25887.0,0.04152,1.3379999999999999,31011.53,923.0,33.978,5.124,130283.19
2024-06-23,921744.0,29732.0,0.0329,1.55375,45404.21,1654.0,36.06125,6.5375,266174.82
2024-06-24,981415.0,38958.0,0.03975,2.2975,94369.45999999999,1691.0,62.89875,2.34875,262939.49
2024-06-25,489371.0,21349.0,0.04514,1.302,29149.66,1304.0,33.471999999999994,10.288,225929.49
2024-06-26,657729.0,26022.0,0.04164285714285714,1.247142857142857,35991.37,1272.0,34.03714285714286,11.391428571428573,233894.1
2024-06-27,770834.0,19312.0,0.027685714285714286,1.7485714285714287,30392.190000000002,1025.0,72.93142857142858,5.7700000000000005,162336.56
2024-06-28,1052128.0,44746.0,0.0419625,1.7562499999999999,82316.66,2590.0,42.765,5.575,493584.79000000004
2024-06-29,422635.0,15107.0,0.035500000000000004,1.9175,31107.6,634.0,52.1575,3.1999999999999997,85409.79999999999
2024-06-30,360067.0,15366.0,0.04202,1.8539999999999999,31557.58,817.0,43.838,6.184,132514.35
2024-07-01,360067.0,15366.0,0.04202,1.8539999999999999,31557.58,817.0,43.838,6.184,132514.35
2024-07-02,217163.0,8158.0,0.0337,2.0466666666666664,18579.210000000003,214.0,74.93666666666667,5.823333333333333,57543.63
2024-07-03,475945.0,16180.0,0.037475,2.1,33754.68,437.0,87.52000000000001,2.2624999999999997,53112.600000000006
2024-07-04,604134.0,20420.0,0.03255,1.61,30314.260000000002,901.0,46.41,4.5616666666666665,103243.20999999999
2024-07-05,162307.0,5354.0,0.037066666666666664,1.71,7883.5599999999995,206.0,82.04,2.0533333333333332,15862.22
2024-07-06,821679.0,37740.0,0.044957142857142855,1.5114285714285713,45533.83,2094.0,37.16428571428571,6.4314285714285715,260618.85
2024-07-07,256403.0,6585.0,0.02235,1.0575,7153.3099999999995,330.0,47.84250000000001,14.592500000000001,77507.23
2024-07-08,635948.0,31295.0,0.04115,1.38,41881.93,858.0,56.528333333333336,7.426666666666667,167787.19
2024-07-09,94830.0,2268.0,0.029249999999999998,1.505,2989.62,84.0,39.370000000000005,2.5300000000000002,7592.889999999999
2024-07-10,437509.0,12397.0,0.03226,1.948,25031.56,716.0,33.766000000000005,5.274,84218.73000000001
2024-07-11,491465.0,14894.0,0.0289,1.7299999999999998,18524.66,869.0,57.18333333333334,11.023333333333333,238206.22999999998
2024-07-12,291544.0,13792.0,0.039325,0.8474999999999999,13116.63,370.0,25.0325,14.475,79830.96
2024-07-13,239168.0,4784.0,0.0199,2.435,10745.02,186.0,86.20500000000001,1.555,14358.35
2024-07-14,867404.0,37900.0,0.046375,1.9625,69432.14,1965.0,51.714999999999996,5.60625,381427.27
2024-07-15,867404.0,37900.0,0.046375,1.9625,69432.14,1965.0,51.714999999999996,5.60625,381427.27
2024-07-16,655822.0,20219.0,0.02984,1.8379999999999999,34845.259999999995,791.0,54.65599999999999,4.66,170647.2
2024-07-17,543754.0,30048.0,0.051975,1.215,33498.82,1323.0,28.3325,4.4075,101759.31
2024-07-18,201407.0,6031.0,0.031466666666666664,1.0533333333333335,8867.48,354.0,17.186666666666667,17.30333333333333,40537.18
2024-07-19,997882.0,31187.0,0.0320125,1.9825000000000002,66613.23,1443.0,67.09625,3.475,251842.18
2024-07-20,148573.0,8706.0,0.0586,1.77,15409.62,643.0,23.97,10.64,163989.09
2024-07-21,516858.0,37705.0,0.07275000000000001,1.6675,59710.98,2091.0,38.677499999999995,8.52,401429.03
2024-07-22,513789.0,20757.0,0.03746,1.812,43170.05,1357.0,33.348,3.2920000000000003,170147.18000000002
2024-07-23,153907.0,7977.0,0.051199999999999996,2.4899999999999998,19955.94,290.0,94.52666666666666,1.75,43171.159999999996
2024-07-24,288052.0,13334.0,0.042800000000000005,0.89,12530.73,550.0,16.686666666666667,14.546666666666667,91362.53
2024-07-25,806042.0,20244.0,0.03332857142857143,1.5857142857142856,34186.25,872.0,41.541428571428575,5.512857142857143,170227.24
2024-07-26,305079.0,10493.0,0.03492,1.8980000000000001,25870.02,509.0,44.356,8.95,106919.66
2024-07-27,403253.0,12850.0,0.028,1.4275,16913.12,320.0,46.165,3.2025,53182.72
2024-07-28,863763.0,33424.0,0.03687142857142857,1.512857142857143,55386.9,1082.0,54.08428571428572,3.7199999999999998,198308.55
2024-07-29,222762.0,7424.0,0.03553333333333333,1.5199999999999998,12204.25,396.0,31.536666666666665,4.3933333333333335,74524.75
2024-07-30,94798.0,3206.0,0.034350000000000006,2.745,8837.26,161.0,59.760000000000005,3.34,28988.27
2024-07-31,319276.0,12000.0,0.03813999999999999,1.612,24977.82,508.0,48.814,5.09,86748.56
2024-08-01,653644.0,21846.0,0.03268,2.034,46338.79,1154.0,42.70399999999999,5.286,162584.6
2024-08-02,375281.0,12610.0,0.03926,1.862,20179.97,791.0,27.691999999999997,9.383999999999999,197103.09
2024-08-03,489160.0,14334.0,0.02935,0.8075,12331.92,525.0,26.15,7.817500000000001,81990.39
2024-08-04,803847.0,32419.0,0.041125,2.05875,70928.18,1168.0,95.35375,4.2,207528.38999999998
2024-08-05,117699.0,5415.0,0.04195,2.39,15731.49,230.0,63.900000000000006,4.225,59142.77
2024-08-06,402234.0,15722.0,0.0417,1.3775,24669.399999999998,815.0,34.0125,4.6225000000000005,140491.37
2024-08-07,296859.0,11943.0,0.0399,1.0325,14365.869999999999,547.0,25.400000000000002,13.015,73627.64
2024-08-08,224523.0,9135.0,0.038875,1.1124999999999998,9420.869999999999,525.0,19.105,9.3875,73667.89
2024-08-09,238486.0,9636.0,0.034833333333333334,1.0466666666666666,10699.6,380.0,31.293333333333333,4.966666666666666,75103.21
2024-08-10,147201.0,6896.0,0.03975,1.3,10868.679999999998,276.0,31.5575,7.6675,55950.850000000006
2024-08-11,531090.0,30803.0,0.05136666666666667,0.9566666666666667,23835.95,1677.0,17.655,11.14,259019.8
2024-08-12,159820.0,8536.0,0.04915,1.665,20057.22,328.0,55.8275,5.8725,51015.31
2024-08-13,863373.0,30591.0,0.03771666666666667,1.0766666666666667,27557.06,1203.0,41.541666666666664,8.913333333333334,194040.04
2024-08-14,1142550.0,31648.0,0.028145454545454543,1.219090909090909,39932.869999999995,1300.0,33.901818181818186,6.180000000000001,202113.69
2024-08-15,491865.0,23271.0,0.04493333333333333,1.3099999999999998,29611.07,820.0,44.343333333333334,4.973333333333334,146232.52000000002
2024-08-16,954294.0,28255.0,0.0331625,1.2625,38171.68,1422.0,38.88875,10.2175,242161.46
2024-08-17,547064.0,21206.0,0.0422,1.725,33792.1,640.0,55.395,2.4425,76137.33
2024-08-18,363818.0,14841.0,0.042820000000000004,1.466,24343.339999999997,680.0,42.766,3.8839999999999995,111547.57
2024-08-19,630017.0,23327.0,0.041285714285714294,1.6371428571428572,48506.66,1088.0,41.394285714285715,4.53,206599.33000000002
2024-08-20,1019951.0,50454.0,0.0542375,1.11125,52613.47,2897.0,38.283750000000005,11.09625,413921.85000000003
2024-08-21,517827.0,15631.0,0.035175,1.6825,25803.97,702.0,47.6925,4.8725000000000005,121856.36
2024-08-22,322647.0,13012.0,0.0406,1.5559999999999998,24744.3,607.0,39.196000000000005,8.214,143007.02000000002
2024-08-23,348678.0,4318.0,0.018766666666666664,1.4799999999999998,5225.83,136.0,62.39000000000001,1.1733333333333333,5739.99
2024-08-24,428458.0,23345.0,0.05343333333333333,1.39,30475.21,889.0,30.406666666666666,6.6866666666666665,188705.3
2024-08-25,428458.0,23345.0,0.05343333333333333,1.39,30475.21,889.0,30.406666666666666,6.6866666666666665,188705.3
2024-08-26,341418.0,16942.0,0.04995,1.345,22886.57,1090.0,22.835,5.52,133899.59
2024-08-27,521121.0,15522.0,0.028225,0.865,11931.35,579.0,23.5475,10.2075,110286.89
2024-08-28,785914.0,33536.0,0.03534444444444444,1.7033333333333334,51294.53,1290.0,65.01222222222222,4.276666666666667,219604.15
2024-08-29,239889.0,11181.0,0.048600000000000004,1.4333333333333333,17457.8,618.0,30.209999999999997,6.136666666666667,70158.06
2024-08-30,554522.0,21725.0,0.04046,1.0939999999999999,26871.269999999997,978.0,44.513999999999996,4.982,130561.17
2024-08-31,798566.0,24214.0,0.03045,1.5066666666666666,28975.03,1060.0,39.611666666666665,5.055000000000001,147861.63
2024-09-01,860730.0,32573.0,0.0407,1.4175,47859.98,1663.0,32.35875,5.06875,177928.69
2024-09-02,621612.0,15987.0,0.027483333333333332,1.8683333333333334,32810.65,610.0,54.56833333333333,4.1866666666666665,91810.47
2024-09-03,774093.0,34741.0,0.0383375,1.65375,58181.05,1960.0,41.09875,4.34625,193271.24
2024-09-04,440997.0,19844.0,0.036275,1.1575,17128.34,649.0,61.1975,2.1225,35085.42
2024-09-05,646449.0,23747.0,0.03954,2.17,54232.79000000001,1016.0,71.72999999999999,3.282,198972.52
2024-09-06,852398.0,32202.0,0.0346,2.02875,69633.07,1382.0,62.45875,3.8075,257471.41999999998
2024-09-07,472798.0,19398.0,0.039425,2.58,42579.5,936.0,68.945,2.9499999999999997,89382.14
2024-09-08,214521.0,3443.0,0.019533333333333333,1.4733333333333334,4059.7,83.0,60.29,2.1233333333333335,9096.43
2024-09-09,309312.0,8730.0,0.029824999999999997,1.115,9544.48,368.0,42.205,4.7425,40561.090000000004
2024-09-10,1112548.0,43778.0,0.04316,1.72,69771.44,1917.0,61.987,4.162,298417.61
2024-09-11,619193.0,22171.0,0.0346375,1.205,26031.95,790.0,41.68875,7.4925,134950.03
2024-09-12,324292.0,18047.0,0.0478,2.1725,46806.28,432.0,81.5775,2.45,89963.95
2024-09-13,315841.0,11120.0,0.034866666666666664,1.8099999999999998,21782.32,588.0,40.47,5.526666666666666,152472.51
2024-09-14,597565.0,30223.0,0.048299999999999996,1.442,38385.12,1743.0,38.03,9.526,371901.07
2024-09-15,1118088.0,38742.0,0.035166666666666666,1.31,49297.35,2225.0,32.06111111111111,11.583333333333334,305764.71
2024-09-16,171629.0,10475.0,0.047525000000000005,1.41,12863.599999999999,530.0,38.355,8.115,60941.18
2024-09-17,541142.0,18781.0,0.02635,1.2333333333333334,25624.089999999997,377.0,50.578333333333326,5.683333333333334,81075.61
2024-09-18,452690.0,26512.0,0.059475,1.3775,35470.74,1319.0,35.292500000000004,13.0525,266981.54
2024-09-19,323989.0,8595.0,0.024333333333333335,1.1266666666666667,11118.58,358.0,61.13999999999999,5.12,60869.74
2024-09-20,335258.0,11322.0,0.0338,1.625,16546.05,467.0,33.82,4.34,75854.43000000001
2024-09-21,645176.0,29274.0,0.04401666666666667,1.0366666666666666,24362.739999999998,1570.0,22.80666666666667,11.946666666666667,301251.65
2024-09-22,459376.0,16956.0,0.03844,1.248,22345.44,720.0,37.472,9.442,143809.01
2024-09-23,363123.0,13094.0,0.0302,2.03,33316.81,594.0,71.85,3.9124999999999996,43460.24
2024-09-24,768559.0,40622.0,0.05205714285714286,1.2657142857142856,53745.25,1740.0,41.64142857142857,5.282857142857144,302674.13
2024-09-25,1042307.0,44995.0,0.04234444444444444,1.4444444444444444,55836.560000000005,1878.0,48.74333333333333,5.598888888888889,341792.35
2024-09-26,612753.0,27866.0,0.04284,1.6439999999999997,52611.44,1611.0,28.663999999999998,10.620000000000001,287849.10000000003
2024-09-27,445106.0,13840.0,0.0344125,1.34125,19679.16,643.0,38.46125,7.13125,102685.76000000001
2024-09-28,390333.0,13466.0,0.035625000000000004,1.8825,27568.79,445.0,62.5125,5.505,86355.36
2024-09-29,340166.0,16280.0,0.04586666666666667,1.25,16562.67,638.0,27.12,5.34,100407.43
2024-09-30,161053.0,7114.0,0.0483,2.2649999999999997,14767.1,291.0,65.505,3.3449999999999998,46373.44
2024-10-01,178503.0,9639.0,0.054,0.56,5397.84,146.0,36.97,7.44,40162.93
2024-10-02,124152.0,3386.0,0.0279,0.51,1653.92,139.0,19.615,16.395,31460.81
2024-10-03,462387.0,24832.0,0.051625000000000004,1.5625,22704.99,1650.0,22.830000000000002,17.0125,327889.0
2024-10-04,265751.0,8418.0,0.0351,1.21,8718.47,438.0,27.272000000000002,9.158,68037.92
2024-10-05,284526.0,14916.0,0.05253333333333333,1.37,22425.989999999998,629.0,32.14333333333334,6.13,117082.42
2024-10-06,330210.0,20101.0,0.05986666666666667,1.5466666666666666,31161.66,746.0,44.120000000000005,3.2466666666666666,106948.83
2024-10-07,317197.0,15858.0,0.04765,0.96,19720.72,802.0,19.13,21.09,171212.51
2024-10-08,1002839.0,28973.0,0.029985714285714282,1.352857142857143,36508.19,1634.0,40.221428571428575,8.97,277669.35
2024-10-09,208197.0,6127.0,0.022500000000000003,1.49,6211.630000000001,312.0,38.37666666666667,6.446666666666666,49154.310000000005
2024-10-10,188552.0,6373.0,0.0338,0.65,4142.45,129.0,32.11,2.17,8973.49
2024-10-11,381976.0,7852.0,0.028300000000000002,1.3833333333333335,10660.25,288.0,42.21,3.206666666666667,29891.8
2024-10-12,1014130.0,27240.0,0.02667142857142857,1.5471428571428572,41732.19,1369.0,38.287142857142854,11.22,304869.35
2024-10-13,408441.0,9877.0,0.025375,1.33,12769.68,536.0,31.5,4.109999999999999,60182.020000000004
2024-10-14,498389.0,16475.0,0.03844,1.6600000000000001,25658.68,815.0,43.484,6.736,145941.1
2024-10-15,374115.0,16234.0,0.043579999999999994,1.266,25004.94,564.0,33.992,7.970000000000001,96839.27
2024-10-16,341892.0,12731.0,0.037,1.6749999999999998,20047.38,637.0,31.395000000000003,2.945,54291.19
2024-10-17,559341.0,23358.0,0.04365,1.3466666666666667,34347.51,906.0,42.39,9.825,152175.77
2024-10-18,376658.0,9637.0,0.025025,1.8325,15548.9,482.0,60.3325,5.8475,92474.28
2024-10-19,547680.0,18469.0,0.03436,1.65,27650.489999999998,664.0,43.374,4.832,119275.09
2024-10-20,422648.0,18159.0,0.040425,1.155,23242.02,550.0,37.61,6.4625,94604.81
2024-10-21,315167.0,14869.0,0.0432,2.06,27801.050000000003,747.0,35.595,4.09,109480.08
2024-10-22,390540.0,16425.0,0.0436,1.9399999999999997,33418.47,1082.0,31.400000000000002,6.37,230347.39999999997
2024-10-23,386255.0,13062.0,0.03802,1.332,15088.89,443.0,48.564,2.412,40811.46
2024-10-24,712101.0,33110.0,0.04486,1.442,47797.54,1828.0,42.13,6.106,298479.38
2024-10-25,1023836.0,35461.0,0.0327375,1.48125,53196.56,1624.0,49.885,6.51625,350614.75
2024-10-26,843586.0,31199.0,0.03955714285714285,2.59,85286.03,1346.0,67.43857142857142,4.4157142857142855,326834.11
2024-10-27,430275.0,20999.0,0.04918,1.218,24624.55,1188.0,25.169999999999998,7.4799999999999995,181034.56
2024-10-28,779863.0,48002.0,0.06154285714285714,1.647142857142857,74306.55,1545.0,66.29285714285714,5.3757142857142854,222628.54
2024-10-29,819505.0,35462.0,0.044,2.027142857142857,68879.98,1409.0,67.86999999999999,3.5700000000000003,163401.61
2024-10-30,427867.0,13175.0,0.030533333333333332,1.0233333333333332,13108.11,571.0,27.506666666666664,10.943333333333333,143232.28
2024-10-31,418043.0,24258.0,0.059275,1.0475,29283.63,1393.0,32.6225,6.5575,254520.26
2024-11-01,319424.0,17466.0,0.0529,0.9666666666666667,15892.32,1074.0,14.836666666666668,11.410000000000002,200505.96000000002
2024-11-02,564122.0,20942.0,0.03946666666666667,1.765,30148.84,1311.0,36.291666666666664,8.981666666666667,298740.33999999997
2024-11-03,635267.0,28268.0,0.043750000000000004,2.1183333333333336,61355.05,1418.0,45.76333333333333,2.9033333333333338,134690.99
2024-11-04,933774.0,29352.0,0.0360125,1.7737500000000002,55133.0,1757.0,31.455,7.6762500000000005,291050.63
2024-11-05,403524.0,8096.0,0.021400000000000002,1.5166666666666666,14446.07,168.0,85.84999999999998,4.953333333333334,36854.91
2024-11-06,164538.0,7230.0,0.04055,2.27,10387.06,305.0,36.91,1.79,14702.039999999999
2024-11-07,294498.0,14621.0,0.044199999999999996,1.3250000000000002,19420.079999999998,1056.0,23.97,8.67,189645.63
2024-11-08,947622.0,24278.0,0.03105555555555555,1.4255555555555555,40207.46000000001,1135.0,66.17888888888889,7.133333333333334,179174.03
2024-11-09,716741.0,32688.0,0.0424,1.7825,49138.94,1551.0,39.1325,8.8925,244165.41
2024-11-10,259185.0,8181.0,0.030774999999999997,1.445,14201.91,420.0,26.740000000000002,4.225,42813.72
2024-11-11,525478.0,27689.0,0.048350000000000004,1.7325,45442.76,1146.0,36.215,8.395,245900.36
2024-11-12,271933.0,14396.0,0.0464,1.685,15558.01,607.0,33.95,7.345,123236.72
2024-11-13,1090360.0,41213.0,0.03578,1.666,73021.25,2314.0,34.357,7.417,424121.61
2024-11-14,160503.0,6093.0,0.038400000000000004,2.535,12771.23,177.0,70.485,2.1950000000000003,31748.17
2024-11-15,239936.0,8640.0,0.0392,1.225,8992.380000000001,328.0,33.56,3.325,32216.98
2024-11-16,687012.0,21322.0,0.03497142857142858,1.554285714285714,33464.67,948.0,34.90571428571429,6.155714285714287,125207.86
2024-11-17,645873.0,28729.0,0.04468571428571429,1.9228571428571428,54439.47,1244.0,86.17714285714285,7.978571428571429,206747.97
2024-11-18,645873.0,28729.0,0.04468571428571429,1.9228571428571428,54439.47,1244.0,86.17714285714285,7.978571428571429,206747.97
2024-11-19,337103.0,11095.0,0.033325,1.82,20695.67,510.0,77.68,4.5425,127963.38
2024-11-20,268157.0,8645.0,0.042333333333333334,1.4033333333333333,13993.81,295.0,43.44,5.553333333333334,73687.9
2024-11-21,463905.0,16621.0,0.032125,1.795,19436.48,927.0,47.9475,10.44,189630.16
2024-11-22,361185.0,15399.0,0.03726666666666666,1.4400000000000002,17588.53,1010.0,24.58,5.286666666666666,136279.68
2024-11-23,407156.0,17407.0,0.0456,2.6166666666666667,46287.25,377.0,138.36666666666667,1.2333333333333334,51769.63
2024-11-24,399694.0,12455.0,0.0319,1.2025000000000001,14900.050000000001,717.0,24.6125,6.592499999999999,88164.79999999999
2024-11-25,366830.0,11803.0,0.03385,1.7075,21295.09,591.0,35.08,5.382499999999999,119099.25
2024-11-26,383311.0,11054.0,0.03654,2.254,24713.8,529.0,57.186,5.172,120160.13
2024-11-27,278824.0,19245.0,0.06593333333333333,1.3399999999999999,27817.86,943.0,32.276666666666664,10.206666666666667,244322.53
2024-11-28,348270.0,10772.0,0.0369,1.7825,17106.89,463.0,89.1275,3.0425,64557.63
2024-11-29,1009558.0,40158.0,0.039877777777777776,1.571111111111111,76116.57,1811.0,75.32444444444445,8.63,262221.41
2024-11-30,480221.0,16914.0,0.04106,1.548,28592.49,938.0,33.568,6.256,184622.92
2024-12-01,444805.0,14635.0,0.032275,1.8275000000000001,31376.25,720.0,39.214999999999996,6.055,107859.33
2024-12-02,526922.0,13346.0,0.02465,2.04,22427.22,539.0,71.805,7.5375000000000005,120100.26999999999
2024-12-03,156601.0,8628.0,0.0551,0.31,2674.68,362.0,7.39,8.88,23745.71
2024-12-04,712615.0,26427.0,0.042366666666666664,1.6416666666666666,48478.0,1186.0,39.55833333333333,5.116666666666666,218606.03
2024-12-05,667165.0,35220.0,0.04932,1.448,51591.2,1652.0,48.598,7.32,257587.8
2024-12-06,553236.0,31112.0,0.04382857142857143,0.9928571428571429,39832.9,1775.0,21.635714285714283,10.594285714285714,206215.59999999998
2024-12-07,333976.0,13659.0,0.0375,2.0500000000000003,33723.869999999995,544.0,79.52333333333333,3.4133333333333336,120205.0
2024-12-08,765798.0,28494.0,0.036500000000000005,1.228888888888889,29029.62,1073.0,45.69444444444444,8.67,192060.48
2024-12-09,351425.0,13892.0,0.04393333333333333,1.7666666666666666,18052.03,488.0,40.36666666666667,3.9033333333333338,65693.11
2024-12-10,355267.0,9302.0,0.028825,1.6025,16980.99,601.0,24.6525,8.585,136178.03999999998
2024-12-11,705574.0,23926.0,0.036660000000000005,1.834,43386.29,1407.0,40.174,9.55,260967.95
2024-12-12,757386.0,35931.0,0.04342857142857143,1.4528571428571428,60004.009999999995,1563.0,57.395714285714284,4.484285714285714,225392.22
2024-12-13,869872.0,33039.0,0.036333333333333336,1.325,43096.740000000005,1668.0,47.70166666666666,3.563333333333333,150557.88
2024-12-14,1439641.0,55516.0,0.03965454545454545,1.5145454545454546,85326.53,2703.0,39.72181818181818,5.842727272727273,453315.3
2024-12-15,647814.0,25704.0,0.04015,1.9866666666666666,57662.14,939.0,76.92666666666666,6.586666666666666,242008.15000000002
2024-12-16,565662.0,22202.0,0.0463875,1.37875,33309.64,1004.0,32.00625,5.775,143328.84
2024-12-17,197133.0,8422.0,0.0398,0.785,8499.22,185.0,36.5,16.349999999999998,29037.98
2024-12-18,651956.0,20232.0,0.031775,1.8050000000000002,34524.41,974.0,52.8375,13.632499999999999,227011.09000000003
2024-12-19,232073.0,14475.0,0.06335,1.595,22359.04,592.0,66.28,8.385,133556.88999999998
2024-12-20,430784.0,12821.0,0.028775,2.1275,22222.59,684.0,61.545,6.3325,140035.09
2024-12-21,528048.0,22907.0,0.0446,2.648,57702.7,1068.0,67.924,2.734,128360.95999999999
2024-12-22,649822.0,30600.0,0.03943333333333333,1.055,33112.299999999996,1784.0,41.64,6.5183333333333335,186976.59
2024-12-23,1081964.0,45813.0,0.0446,1.7155555555555555,88966.28,2405.0,36.12777777777777,8.733333333333333,431870.21
2024-12-24,913602.0,34857.0,0.040371428571428565,1.3442857142857143,44219.02,1708.0,50.16428571428571,8.684285714285716,293743.0
2024-12-25,296627.0,7995.0,0.033375,1.5075,13195.08,373.0,51.9875,2.0175,39825.17
2024-12-26,907409.0,29982.0,0.035325,1.48,48483.36,1105.0,45.26875,3.48625,144999.66
2024-12-27,131956.0,7772.0,0.0589,0.29,2253.88,211.0,10.68,10.26,23120.58
2024-12-28,261807.0,6904.0,0.026050000000000004,2.03,11203.12,464.0,28.974999999999998,4.35,46888.149999999994
2024-12-29,660645.0,18250.0,0.030533333333333332,1.7533333333333332,33836.39,860.0,42.42333333333333,11.128333333333332,152463.88
2024-12-30,1067032.0,49735.0,0.04294615384615385,1.1115384615384616,59840.49,1645.0,43.74846153846154,9.946153846153846,257642.37
